{
    "insar_difference":{
        "mean":0.001489616346722796,
        "std":1.6176833645747521
    },
    "insar_coherence":{
        "mean":69.3472689222075,
        "std":76.50325808397666
    },
    "dem":{
        "mean":833.0587512223403,
        "std":977.504283216005
    },
    "total_column_water_vapour":{
        "mean":22.526107385139355,
        "std":12.85386775756665
    },
    "surface_pressure":{
        "mean":92966.61998575741,
        "std":9132.050564654619
    },
    "vertical_integral_of_temperature":{
        "mean":2396036.7821715856,
        "std":263503.6556952968
    }
}